{"norm_factors_in": [[16.095367431640625, 5.537478923797607], [0.04998211935162544, 9.086344718933105], [-0.059266041964292526, 9.63454818725586], [0.010596874170005322, 0.00450971070677042], [-0.0003447780036367476, 0.7068515419960022], [2018.75, 1417.4002685546875], [798.125, 141.74002075195312], [260.4140625, 10.324067115783691], [0.7163282632827759, 0.18900178372859955], [0.0009049998479895294, 0.0006700093508698046], [284.09375, 231.59812927246094], [-0.12326680123806, 3.0634920597076416], [-0.07308272272348404, 3.388948678970337]], "norm_factors_out": [[0.040867362171411514, 0.6785343289375305], [-0.024231795221567154, 0.7380106449127197]]}