{"norm_factors_in": [[16.095367431640625, 5.537478923797607], [0.04998211935162544, 9.086344718933105], [-0.059266041964292526, 9.63454818725586], [0.010596874170005322, 0.00450971070677042], [-0.0003447780036367476, 0.7068515419960022], [2018.75, 1417.4002685546875], [798.125, 141.74002075195312], [260.4140625, 10.324067115783691], [0.7163282632827759, 0.18900178372859955], [0.0009049998479895294, 0.0006700093508698046], [284.09375, 231.59812927246094], [-0.14545446634292603, 3.10762357711792], [-0.09798822551965714, 3.3844826221466064]], "norm_factors_out": [[-8.712381362915039, 1.432249903678894]], "offset_trans_subl": 0.0001}